Complaint Type,Descriptor,count
AGENCY,HOUSING QUALITY STANDARDS,8
APPLIANCE,AIR-CONDITIONER,227
APPLIANCE,ELECTRIC/GAS RANGE,32322
APPLIANCE,ELECTRIC/GAS-RANGE,24795
APPLIANCE,MICROWAVE,33
APPLIANCE,REFRIGERATOR,34566
Adopt-A-Basket,10A Adopt-A-Basket,569
Advocate - Levy,Seizure of Funds,2
Advocate - Lien,Lien Sale,2
Advocate - Other,Commercial Rent Tax-Other,1
Advocate - Other,Property - Other Billing Issue,134
Advocate - RPIE,RPIE - Filing and Technical Issues,4
Advocate-Business Tax,General Business Tax - Other,1
Advocate-Business Tax,General Business Tax - Refund,1
Advocate-Business Tax,General Business Tax - Return filing,1
Advocate-Co-opCondo Abatement,Co-op or Condo Abatement,59
Advocate-Commercial Exemptions,421A Exemption,4
Advocate-Commercial Exemptions,Commercial ICP or ICAP Exemption,2
Advocate-Commercial Exemptions,Commercial Not For Profit Exemption,4
Advocate-Commercial Exemptions,Commercial Other Exemption,2
Advocate-Commercial Exemptions,Green Roof or Solar Panel Exemption,2
Advocate-Personal Exemptions,Personal DHE Exemption,48
Advocate-Personal Exemptions,Personal Other Exemption,13
Advocate-Personal Exemptions,Personal SCHE Exemption,364
Advocate-Personal Exemptions,Personal STAR Exemption,87
Advocate-Personal Exemptions,Personal Veteran Exemption,29
Advocate-Prop Class Incorrect,Property Misclassification,6
Advocate-Prop Refunds/Credits,Property Refunds and Credits,115
Advocate-Property Value,Property Value Dispute,28
Advocate-SCRIE/DRIE,DRIE,3
Advocate-SCRIE/DRIE,SCRIE Application Appeal,2
Advocate-SCRIE/DRIE,SCRIE Application Denial,2
Advocate-SCRIE/DRIE,SCRIE Application Renewal,1
Advocate-SCRIE/DRIE,SCRIE Initial Application,3
Advocate-SCRIE/DRIE,SCRIE Miscellaneous,2
Advocate-UBT,Unincorporated Business Tax - Other,1
Advocate-UBT,Unincorporated Business Tax - Refund,1
Advocate-UBT,Unincorporated Business Tax - Return Filing,3
Air Quality,"Air: Dust, Commercial (AE2)",277
Air Quality,"Air: Dust, Construction/Demolition (AE4)",11991
Air Quality,"Air: Dust, Residential (AE1)",478
Air Quality,"Air: Odor, Nail Salon (AD8)",353
Air Quality,"Air: Odor, Sweet From Unknown Source (AZ1)",186
Air Quality,"Air: Odor/Fumes, Dry Cleaners (AD1)",206
Air Quality,"Air: Odor/Fumes, Private Carting (AD4)",250
Air Quality,"Air: Odor/Fumes, Restaurant (AD2)",7810
Air Quality,"Air: Odor/Fumes, Vehicle Idling (AD3)",18406
Air Quality,"Air: Open Fire, Commercial (AC2)",20
Air Quality,"Air: Open Fire, Construction/Demolition (AC4)",32
Air Quality,"Air: Open Fire, Residential (AC1)",32
Air Quality,Air: Other Air Problem (Use Comments) (AZZ),4890
Air Quality,"Air: Smoke, Chimney or vent (AS1)",9207
Air Quality,"Air: Smoke, Commercial (AA2)",772
Air Quality,"Air: Smoke, Other (Use Comments) (AA5)",760
Air Quality,"Air: Smoke, Residential (AA1)",3083
Air Quality,"Air: Smoke, Vehicular (AA4)",3018
Air Quality,"Air: Soot, Other (Use Comments) (AB4)",114
Animal Abuse,Chained,3017
Animal Abuse,In Car,1189
Animal Abuse,Neglected,20545
Animal Abuse,No Shelter,3747
Animal Abuse,Other (complaint details),10361
Animal Abuse,Tortured,4264
Animal in a Park,Animal Waste,1114
Animal in a Park,Dead Animal,2615
Animal in a Park,Dog Off Leash,4891
Animal in a Park,Domestic Strays,1282
Animal in a Park,Injured Wildlife,2224
Animal in a Park,Removing Wildlife,1072
Animal in a Park,Wildlife Sighting,1417
Asbestos,Asbestos Complaint (B1),12348
Asbestos,Asbestos Project Notification (B2),7
Asbestos,"Asbestos, Other (Use Comments) (BZ)",86
BEST/Site Safety,Demolition - Unsafe,2684
BEST/Site Safety,Demolition Notification Received,25
BEST/Site Safety,Routine Inspection,9
BEST/Site Safety,Safety Netting/Guard Rails - Damaged/Inadequate/None (Over 6 Stories/75 Feet),3638
Beach/Pool/Sauna Complaint,Beach/Pool Water,768
Beach/Pool/Sauna Complaint,Beach/Pool/Sauna Unpermitted,85
Beach/Pool/Sauna Complaint,Facility Maintenance,447
Beach/Pool/Sauna Complaint,Safety Equipment/Signs,134
Benefit Card Replacement,Cash Assistance,2595
Benefit Card Replacement,Food Stamp,37247
Benefit Card Replacement,Medicaid,62243
Bike Rack Condition,Bike Rack Repair,711
Bike Rack Condition,Chained Bike,225
Blocked Driveway,No Access,520955
Blocked Driveway,Partial Access,174149
Boilers,Accident/Explosion - Boiler,12
Boilers,Boiler - Defective/Inoperative/No Permit,14299
Boilers,Boiler - Fumes/Smoke/Carbon Monoxide,281
Bottled Water,Color,13
Bottled Water,Illness/Injury,13
Bottled Water,Odor,18
Bottled Water,Other (Explain Below),36
Bottled Water,Sediment,13
Bottled Water,Taste,28
Bridge Condition,American Flag,50
Bridge Condition,Decorative Necklace Lighting,94
Bridge Condition,"Dirt, Debris, Litter Complaint",762
Bridge Condition,Fallen Debris from Bridge,260
Bridge Condition,Fence,136
Bridge Condition,Graffiti - Bridge,478
Bridge Condition,Guard Rail - Bridge,252
Bridge Condition,Pothole,1752
Bridge Condition,Rough Pavement,579
Bridge Condition,Snow on Overpass,385
Broken Muni Meter,Bent/Loose,363
Broken Muni Meter,Coin or Card Did Not Register,49783
Broken Muni Meter,Credit Card Stuck in Meter,7447
Broken Muni Meter,Graffiti,795
Broken Muni Meter,Missing/Stump,553
Broken Muni Meter,No Receipt,72798
Broken Muni Meter,Out of Order,33002
Broken Muni Meter,Parking Card Stuck in Meter,1360
Broken Muni Meter,Relocation of Muni Meter,68
Broken Muni Meter,Timer Defect - Fast/Fail,5950
Broken Parking Meter,Bent/Loose,194
Broken Parking Meter,Coin or Card Did Not Register,10150
Broken Parking Meter,Credit Card Stuck in Meter,203
Broken Parking Meter,Graffiti,97
Broken Parking Meter,Missing/Stump,184
Broken Parking Meter,No Receipt,2053
Broken Parking Meter,Out of Order,5359
Broken Parking Meter,Parking Card Stuck in Meter,206
Broken Parking Meter,Relocation of Parking Meter,31
Broken Parking Meter,Timer Defect - Fast/Fail,4364
Building Condition,Bikes in Buildings,22
Building/Use,Illegal Conversion Of Residential Building/Space,150145
Building/Use,Illegal. Commercial Use In Resident Zone,19094
Building/Use,No Certificate Of Occupancy/Illegal/Contrary To CO,27500
Building/Use,SRO - Illegal Work/No Permit/Change In Occupancy/Use,10429
Building/Use,Zoning - Non-Conforming/Illegal Vehicle Storage,20371
Bus Stop Shelter Complaint,Broken Glass,3366
Bus Stop Shelter Complaint,Damaged Bench,297
Bus Stop Shelter Complaint,Damaged Leg or Pole Bent,104
Bus Stop Shelter Complaint,Damaged Other,962
Bus Stop Shelter Complaint,Damaged or Leaking Roof,93
Bus Stop Shelter Complaint,Damaged or Missing Ad Box,91
Bus Stop Shelter Complaint,Dirty/Graffiti,1121
Bus Stop Shelter Complaint,Lighting,2886
Bus Stop Shelter Complaint,Sign Missing or Defective,491
Bus Stop Shelter Complaint,Snow Removal Requested,2398
Bus Stop Shelter Placement,New Bus Stop Shelter Placement,1736
Bus Stop Shelter Placement,Relocation of Bus Stop Shelter,296
CONSTRUCTION,ELEVATOR,1270
CONSTRUCTION,PAVEMENT,1097
CONSTRUCTION,RAIN LEADER,364
CONSTRUCTION,ROOF,2215
CONSTRUCTION,VACANT APARTMENT,132
Calorie Labeling,Failure to Post Calorie Information,129
City Vehicle Placard Complaint,Wind,10
Collection Truck Noise,21 Collection Truck Noise,1472
Comments,Administration,21
Comments,Annual Report,1
Comments,Capital Construction,3
Comments,Citywide Procurement,5
Comments,Communications/Intergovernmental,3
Comments,EEO,5
Comments,Energy,3
Comments,Executive,2
Comments,FOIL Request - Request for Records,1
Comments,Facilities Management,3
Comments,Fiscal and Business Management,2
Comments,Fleet,2
Comments,General Counsel,3
Comments,Human Capital,6
Comments,Information Technology,5
Comments,Non-Public Schools,2
Comments,Other,6
Comments,Real Estate Services,2
Comments,Real Property Tax Assessment/Correction,6
Comments,Special Events,3
Comments,Tax Commission Rules,1
Construction,Initial - BPP,846
Construction,Initial - CO,5647
Construction,Initial - Construction,15457
Construction,Initial - PA,709
Construction,Re-Inspect - No Show,1052
Construction,Re-Inspect - Rslve Objections,3629
Construction,Re-Inspect - Unprepared,969
Consumer Complaint,Advance Fee,13
Consumer Complaint,Billing Dispute,3627
Consumer Complaint,Cancellation/Closure without Notice,3
Consumer Complaint,Car Not Available,473
Consumer Complaint,Cars Parked on Sidewalk/Street,3223
Consumer Complaint,Cigarette Sale to Minor,3405
Consumer Complaint,Closed without Notice,889
Consumer Complaint,Clothing Damage,922
Consumer Complaint,Contact Sign Not Posted,702
Consumer Complaint,Contract Dispute,6793
Consumer Complaint,Credit Card Limitations Not Posted,604
Consumer Complaint,Damaged Vehicle,5161
Consumer Complaint,Damaged/Defective Goods,11943
Consumer Complaint,Damaged/Defective Parts,346
Consumer Complaint,Debt Not Owed,1453
Consumer Complaint,Demand for Cash,1018
Consumer Complaint,Disclosure Not Provided,2
Consumer Complaint,Dissatisfaction with Provider,616
Consumer Complaint,Documents Not Returned,21
Consumer Complaint,Documents/Paperwork Missing,31
Consumer Complaint,Door Open with Air Conditioning On,2002
Consumer Complaint,Exchange/Refund/Return,21218
Consumer Complaint,Extra Parts,18
Consumer Complaint,False Advertising,13678
Consumer Complaint,Gender Pricing,210
Consumer Complaint,Harassment,1782
Consumer Complaint,High Interest Loan,6
Consumer Complaint,High Pressure Sales,8
Consumer Complaint,High Pressure to Take on Loan/Debt,81
Consumer Complaint,House/Property Damaged,576
Consumer Complaint,ID Requirement Not Posted,151
Consumer Complaint,Illegal Tow,2599
Consumer Complaint,Illegal/Unfair Booting,180
Consumer Complaint,Improper Sale of Items,192
Consumer Complaint,Inaccurate Meter,45
Consumer Complaint,Injury/Safety,45
Consumer Complaint,Installation/Work Quality,2075
Consumer Complaint,Labor Violation,13
Consumer Complaint,Labor violation,292
Consumer Complaint,Lack of Safety Equipment,39
Consumer Complaint,Layaway Terms Not Provided,162
Consumer Complaint,Loan Offer,7
Consumer Complaint,Lost Property,114
Consumer Complaint,Mandatory Tip,711
Consumer Complaint,Minor Access,8
Consumer Complaint,Minor Present School Hours,4
Consumer Complaint,Misleading Appraisal,63
Consumer Complaint,Missing Complaint Sign,18
Consumer Complaint,No Bill of Rights,8
Consumer Complaint,No Statement of Job Conditions,12
Consumer Complaint,No or Defective Headphones,24
Consumer Complaint,Non-Delivery Goods/Services,17129
Consumer Complaint,Non-Delivery of Papers,241
Consumer Complaint,Non-Disclosure of Fees,198
Consumer Complaint,Non-Disclosure of Ownership,4
Consumer Complaint,Over Capacity,1167
Consumer Complaint,Overcharge,15844
Consumer Complaint,Paid in Advance,864
Consumer Complaint,Price Not Posted,1500
Consumer Complaint,Prohibited Item Sale to Minor,376
Consumer Complaint,Public Event Seating,19
Consumer Complaint,Rates Not Posted,456
Consumer Complaint,Receipt Incomplete/Not Given,1583
Consumer Complaint,Required Signage Not Posted,125
Consumer Complaint,Returns Not Filed,387
Consumer Complaint,Sales Promotion,11
Consumer Complaint,Satisfaction with Provider,2
Consumer Complaint,Scale Inaccurate,39
Consumer Complaint,Scale Inaccurate/Broken,763
Consumer Complaint,Sidewalk Blocked,6457
Consumer Complaint,Spanish Transaction,6
Consumer Complaint,Time Insufficient,30
Consumer Complaint,Toy Gun Sale,21
Consumer Complaint,Unlicensed,9628
Consumer Complaint,Unrequested Services Provided,37
Cooling Tower,Broken/Defective,18
Cooling Tower,Unsanitary Condition,23
Cranes and Derricks,Accident - Cranes/Derricks/Suspension Scaffold,58
Cranes and Derricks,Crane/Suspension Scaffold - No Permit/License/Cert./Unsafe/Illegal,2708
Cranes and Derricks,Failure to Comply with Annual Crane Inspection,7
Curb Condition,Broken Curb,17706
Curb Condition,Curb Defect-Metal Protruding,4176
Curb Condition,Curb Violation,160
Curb Condition,Defacement,9994
DCA / DOH New License Application Request,Amusement Arcade License,22
DCA / DOH New License Application Request,Animal Boarding License,59
DCA / DOH New License Application Request,Animal Grooming License,121
DCA / DOH New License Application Request,Animal Training License,18
DCA / DOH New License Application Request,Auction House License,19
DCA / DOH New License Application Request,Auctioneer License,60
DCA / DOH New License Application Request,Barbershop License,221
DCA / DOH New License Application Request,Booting Company License,6
DCA / DOH New License Application Request,Cabaret License,133
DCA / DOH New License Application Request,Catering Establishment License,133
DCA / DOH New License Application Request,Cigarette Retail Dealer License,257
DCA / DOH New License Application Request,Compressed Air License,18
DCA / DOH New License Application Request,Dealer in Devices for Disabled License,18
DCA / DOH New License Application Request,Debt Collection Agency License,50
DCA / DOH New License Application Request,Electronics Store License,82
DCA / DOH New License Application Request,Electronics and Home Appliance Service Dealer License,74
DCA / DOH New License Application Request,Employment Agency License,168
DCA / DOH New License Application Request,Employment Agency Manager License,1
DCA / DOH New License Application Request,Food Service Establishment License,1495
DCA / DOH New License Application Request,Frozen Dessert Manufacturer License,282
DCA / DOH New License Application Request,Full Term Mobile Food Unit Permit,1179
DCA / DOH New License Application Request,Full Term Mobile Food Vendor License,5071
DCA / DOH New License Application Request,Full Term Tattoo License,326
DCA / DOH New License Application Request,Gaming Cafe License,20
DCA / DOH New License Application Request,Garage or Parking Lot License,98
DCA / DOH New License Application Request,General Street Vendor License,4158
DCA / DOH New License Application Request,General Vendor Distributor License,96
DCA / DOH New License Application Request,General Vendor Waiting List Application,67
DCA / DOH New License Application Request,Going Out of Business Sale License,61
DCA / DOH New License Application Request,Home Improvement Contractor License,2765
DCA / DOH New License Application Request,Home Improvement Salesperson License,393
DCA / DOH New License Application Request,Horse Drawn Carriage Driver License,11
DCA / DOH New License Application Request,Horse Drawn Carriage Owner License,5
DCA / DOH New License Application Request,Horse Stable License,6
DCA / DOH New License Application Request,Individual Process Server License,477
DCA / DOH New License Application Request,Industrial Laundry Delivery License Application,1
DCA / DOH New License Application Request,Infant Formula License,5
DCA / DOH New License Application Request,Inhalation Therapy Purveyor License,18
DCA / DOH New License Application Request,Inhalation Therapy Supervising Technician License,1
DCA / DOH New License Application Request,Laundry Jobber License,60
DCA / DOH New License Application Request,Laundry License,93
DCA / DOH New License Application Request,Licensed Home Improvement Contractor Bumper Sticker,109
DCA / DOH New License Application Request,Locksmith Apprentice License,99
DCA / DOH New License Application Request,Locksmith License,116
DCA / DOH New License Application Request,Motion Picture Operator License,8
DCA / DOH New License Application Request,Newsstand License,231
DCA / DOH New License Application Request,Night Auctioneer License,8
DCA / DOH New License Application Request,Non Retail Food Processing Establishment License,134
DCA / DOH New License Application Request,Pathogens License,3
DCA / DOH New License Application Request,Pawn Broker License,59
DCA / DOH New License Application Request,Pedicab Driver,15
DCA / DOH New License Application Request,Permanent Amusement Device License,16
DCA / DOH New License Application Request,Pet Store - New License,45
DCA / DOH New License Application Request,Pool or Billiard Hall License,15
DCA / DOH New License Application Request,Portable Amusement Ride License,28
DCA / DOH New License Application Request,Process Server Organization License,218
DCA / DOH New License Application Request,Reselling Tickets of Admission License,3
DCA / DOH New License Application Request,Retail Laundry License Application,18
DCA / DOH New License Application Request,Scale Dealer or Repairer License,5
DCA / DOH New License Application Request,Scrap Metal Processor License,86
DCA / DOH New License Application Request,Seasonal Food Cart Vendor Permit,104
DCA / DOH New License Application Request,Seasonal Mobile Food Vendor License,2254
DCA / DOH New License Application Request,Secondhand Dealer Auto License,353
DCA / DOH New License Application Request,Secondhand Dealer Firearms License,13
DCA / DOH New License Application Request,Secondhand Dealer General License,453
DCA / DOH New License Application Request,Shelter for Homeless Animals License,9
DCA / DOH New License Application Request,Sidewalk Cafe License,159
DCA / DOH New License Application Request,Sightseeing Bus License,43
DCA / DOH New License Application Request,Sightseeing Guide License,157
DCA / DOH New License Application Request,Stoop Line Stand License,260
DCA / DOH New License Application Request,Storage Warehouse License,3
DCA / DOH New License Application Request,Street Fair Vendor License,1121
DCA / DOH New License Application Request,Temporary Amusement Device License,14
DCA / DOH New License Application Request,Temporary Food Service Establishment Permit,584
DCA / DOH New License Application Request,Temporary Tattoo License,36
DCA / DOH New License Application Request,Tobacco Retail Dealer License Application,5
DCA / DOH New License Application Request,Tour Bus License,15
DCA / DOH New License Application Request,Tow Truck Company License,77
DCA / DOH New License Application Request,Tow Truck Driver License,189
DCA / DOH New License Application Request,Tow Truck Exemption License,3
DCA / DOH New License Application Request,Weight Reducing Group License,2
DHS Advantage - Tenant,Court Date Within 7 Days,2099
DHS Advantage - Tenant,Landlord Requesting Additonal Rent,1271
DHS Advantage - Tenant,Lease Already Expired,2847
DHS Advantage - Tenant,Lease Expiring,5934
DHS Advantage - Tenant,Lease Renewal Question,4064
DHS Advantage - Tenant,Other Issue,23713
DHS Advantage - Tenant,Possible Landlord Foreclosure,454
DHS Advantage - Tenant,Unenroll from Advantage Program,548
DHS Advantage - Third Party,Court Date Within 7 Days,63
DHS Advantage - Third Party,Landlord Requesting Additonal Rent,18
DHS Advantage - Third Party,Lease Already Expired,44
DHS Advantage - Third Party,Lease Expiring,109
DHS Advantage - Third Party,Other Issue,552
DHS Advantage - Third Party,Payment Not Received from DHS,423
DHS Advantage - Third Party,Possible Landlord Foreclosure,15
DHS Advantage - Third Party,Returning Payment,11
DHS Advantage - Third Party,Unenroll from Advantage Program,7
DHS Advantage -Landlord/Broker,Lease Already Expired,625
DHS Advantage -Landlord/Broker,Lease Expiring,636
DHS Advantage -Landlord/Broker,Lease Renewal Question,782
DHS Advantage -Landlord/Broker,Other Issue,5554
DHS Advantage -Landlord/Broker,Payment Not Received from DHS,21548
DHS Advantage -Landlord/Broker,Payment Not Received from Tenant,1144
DHS Advantage -Landlord/Broker,Returning Payment,406
DHS Income Savings Requirement,Disbursement Form Request,154
DOF Literature Request,A Tenant's Guide to DRIE,1
DOF Literature Request,RPIE-2011-A,1
DOF Literature Request,SCHE Initial Application - Polish,1
DOF Parking - Address Update,Vehicle Owner Address Update,489
DOF Parking - DMV Clearance,Registration Clearance Request,1833
DOF Parking - Payment Issue,Applied to Wrong Ticket,3648
DOF Parking - Payment Issue,Card - Charged Twice,2408
DOF Parking - Payment Issue,Card - DOF Confirmation Number Issued,3494
DOF Parking - Payment Issue,Card - No DOF Confirmation Number Issued,6876
DOF Parking - Payment Issue,Finance Business Center - Not Reflected,528
DOF Parking - Payment Issue,In Person - Not Reflected,93
DOF Parking - Payment Issue,Mailed - Not Reflected,6470
DOF Parking - Payment Issue,Marshal - Not Reflected,279
DOF Parking - Payment Issue,Settlement Reduction Not Shown,2373
DOF Parking - Payment Issue,Status of PV Refund,6315
DOF Parking - Payment Issue,Status of Payment Adjustment,8442
DOF Parking - Payment Issue,Status of Refund,111
DOF Parking - Payment Issue,Waive Penalty for Late Payment,27698
DOF Parking - Request Copy,Decision and Order,4078
DOF Parking - Request Copy,Image of Ticket,3331
DOF Parking - Request Copy,List of Outstanding Tickets,1330
DOF Parking - Request Status,Copy of Statement,1
DOF Parking - Request Status,Status of Appeal,1695
DOF Parking - Request Status,Status of Hearing,8002
DOF Parking - Tax Exemption,Tax Exemption,5712
DOF Property - City Rebate,Check Lost or Not Received,13
DOF Property - City Rebate,City Rebate,1186
DOF Property - City Rebate,Not Primary Residence,3
DOF Property - Owner Issue,ACRIS Incorrect,1313
DOF Property - Owner Issue,Billing Address Incorrect,31611
DOF Property - Owner Issue,Billing Name Incorrect,12043
DOF Property - Owner Issue,Condo Billing Issue,2412
DOF Property - Owner Issue,Property Address Incorrect,1100
DOF Property - Owner Issue,Remove Mortgage,13075
DOF Property - Payment Issue,Amount Owed Dispute,291
DOF Property - Payment Issue,Apply Payment or Credit,933
DOF Property - Payment Issue,Bill Received in Error,136
DOF Property - Payment Issue,EFT or Online Payment Problem,87
DOF Property - Payment Issue,Electronic Fund Transfer (EFT) Problem,1748
DOF Property - Payment Issue,Incorrect Amount Paid,408
DOF Property - Payment Issue,Interest Dispute,4011
DOF Property - Payment Issue,Misapplied Payment,7425
DOF Property - Payment Issue,Other Agency Charge,109
DOF Property - Payment Issue,Other Billing Issue,16376
DOF Property - Payment Issue,Payment Made to Wrong BBL,15
DOF Property - Payment Issue,Payment Misapplied,154
DOF Property - Payment Issue,Payment Not Posted,299
DOF Property - Payment Issue,Payment Not Shown,203
DOF Property - Payment Issue,Property Refunds and Credits,10957
DOF Property - Payment Issue,Refund/Credit Info or Status,904
DOF Property - Payment Issue,Status of Refund,388
DOF Property - Payment Issue,Unresolved Other Agency Charge,164
DOF Property - Payment Issue,Wrong Amount Paid or Withdrawn,47
DOF Property - Property Value,Property Value Dispute,1334
DOF Property - RPIE Issue,Filing and Technical Issues,2433
DOF Property - RPIE Issue,Status of Completed Waiver,13
DOF Property - RPIE Issue,Status of Request to file Paper RPIE,510
DOF Property - Reduction Issue,Commercial 421A Exemption,1192
DOF Property - Reduction Issue,Commercial 421B Exemption,218
DOF Property - Reduction Issue,Commercial 421G Exemption,55
DOF Property - Reduction Issue,Commercial CEP or CRP Exemption,216
DOF Property - Reduction Issue,Commercial DAMP Exemption,8
DOF Property - Reduction Issue,Commercial Government Exemption,31
DOF Property - Reduction Issue,Commercial Green Roof or Solar Panel Exemption,383
DOF Property - Reduction Issue,Commercial ICIP or ICAP Exemption,1300
DOF Property - Reduction Issue,Commercial J51 Exemption,589
DOF Property - Reduction Issue,Commercial Not For Profit Exemption,4873
DOF Property - Reduction Issue,Commercial Other Exemption,309
DOF Property - Reduction Issue,Commercial UDAAP Exemption,161
DOF Property - Reduction Issue,Condo or Co-op Abatement,13273
DOF Property - Reduction Issue,DRIE Exemption,4277
DOF Property - Reduction Issue,Homestead,149
DOF Property - Reduction Issue,MCI Abatement,6
DOF Property - Reduction Issue,Personal Clergy Exemption,201
DOF Property - Reduction Issue,Personal Crime Victim or Good Samaritan Exemption,7
DOF Property - Reduction Issue,Personal DHE Exemption,3948
DOF Property - Reduction Issue,Personal DRIE Exemption,12007
DOF Property - Reduction Issue,Personal Military Relief Exemption,5
DOF Property - Reduction Issue,Personal Other Exemption,1957
DOF Property - Reduction Issue,Personal SCHE Exemption,20739
DOF Property - Reduction Issue,Personal STAR Exemption,24270
DOF Property - Reduction Issue,Personal Veteran Exemption,4502
DOF Property - Request Copy,Copy of Account Information,15838
DOF Property - Request Copy,Copy of Notice of Property Value,4321
DOF Property - Request Copy,Copy of Statement,33851
DOF Property - State Rebate,Check Lost or Not Received,5
DOF Property - State Rebate,Incorrect Address,2
DOF Property - Update Account,Billing Address Incorrect,10343
DOF Property - Update Account,Billing Name Incorrect,4606
DOF Property - Update Account,Property Address Incorrect,443
DOOR/WINDOW,DOOR,73048
DOOR/WINDOW,DOOR FRAME,12288
DOOR/WINDOW,DOOR TO DUMBWAITER,270
DOOR/WINDOW,WINDOW FRAME,57751
DOOR/WINDOW,WINDOW PANE,12308
DOR Literature Request,Birth Certificate Before 1910 Order Form,18
DOR Literature Request,Death Certificate Before 1949 Order Form,27
DOR Literature Request,Genealogy Research Application,6
DOR Literature Request,Marriage Certificate Order Form,15
DOR Literature Request,Permission to Publish Contract,1
DPR Internal,Aided/Injury,5947
DPR Internal,Assault on Parks Employee,1
DPR Internal,Beach/Pool Closure,25
DPR Internal,Illegal Dumping,103
DPR Internal,Locker Break-in/Incident,234
DPR Internal,Lost/Missing Person,183
DPR Internal,Personal Injury,67
DPR Internal,Property,861
DRIE,Application Appeal,50
DRIE,Application Portability,12
DRIE,Application Renewal,536
DRIE,Copy of Approval Order,470
DRIE,Initial Application,337
DRIE,Miscellaneous,455
DRIE,Rent Discrepancy,382
DRIE,TAC Report,160
DRIE,Update Tenant Information,149
Damaged Tree,Branch Cracked and Will Fall,50963
Damaged Tree,Branch or Limb Has Fallen Down,95209
Damaged Tree,Child Care Information,1
Damaged Tree,Entire Tree Has Fallen Down,47494
Damaged Tree,Tree Alive - in Poor Condition,14486
Damaged Tree,Tree Leaning/Uprooted,25019
Damaged Tree,Tree Trunk Split,4342
Damaged or Dead Tree,Dead/Dying Tree,25
Day Care,Other,1078
Day Care,Unlicensed Day Care,222
Dead Tree,Dead/Dying Tree,57495
Dead/Dying Tree,Planted Less Than 2 Years Ago,2768
Dead/Dying Tree,Planted More Than 2 Years Ago,21664
Derelict Bicycle,14B Derelict Bicycle,9117
Derelict Vehicle,With License Plate,164528
Derelict Vehicles,14 Derelict Vehicles,149493
Dirty Conditions,E1 Improper Disposal,26934
Dirty Conditions,E11 Litter Surveillance,8060
Dirty Conditions,E12 Illegal Dumping Surveillance,26107
Dirty Conditions,E13 Throw-Out,1626
Dirty Conditions,E15 Illegal Postering,51213
Dirty Conditions,E1A Litter Basket / Improper Use,2615
Dirty Conditions,E2 Receptacle Violation,9826
Dirty Conditions,E3 Dirty Sidewalk,73687
Dirty Conditions,E3A Dirty Area/Alleyway,49281
Dirty Conditions,E3B Sidewalk Obstruction,222
Dirty Conditions,"E4 18"" Law",5851
Dirty Conditions,E5 Loose Rubbish,10322
Dirty Conditions,E7 Private Carter Spillage,247
Dirty Conditions,E8 Canine Violation,23339
Discipline and Suspension,Physical Punishment,72
Discipline and Suspension,Student/Parent Rights,204
Discipline and Suspension,Suspension Process,108
Disorderly Youth,Nuisance/Truant,501
Disorderly Youth,Playing in Unsuitable Place,4018
Drinking,After Hours - Licensed Est,864
Drinking,In Public,7014
Drinking,Underage - Licensed Est,3286
Drinking Water,Illness Caused by Drinking Water,894
Drug Activity,Use Indoor,2241
Drug Activity,Use Outside,1080
ELECTRIC,BELL-BUZZER/INTERCOM,22547
ELECTRIC,ELECTRIC-SUPPLY,48236
ELECTRIC,ELECTRIC-WIRING,44899
ELECTRIC,LIGHTING,58834
ELECTRIC,NO LIGHTING,29823
ELECTRIC,OUTLET/SWITCH,27523
ELECTRIC,POWER OUTAGE,23152
ELECTRIC,WIRING,16205
ELEVATOR,MAINTENANCE,4537
Electrical,Con Edison Referral,454
Electrical,Electrical Wiring Defective/Exposed,29689
Electronics Waste,Recycling Electronics,23397
Elevator,Accident - Elevator,411
Elevator,Bicycle Access Waiver Request - Elevator Safety,6
Elevator,Elevator - Dangerous Condition/Shaft Open/Unguarded,2096
Elevator,Elevator - Defective/Not Working,69751
Elevator,Elevator In (Fdny) Readiness - None,41
Elevator,Elevator Not Inspected/Illegal/No Permit,2593
Emergency Response Team (ERT),After Hours Work - Illegal,1932
Emergency Response Team (ERT),Emergency Asbestos Response Inspection,1
Emergency Response Team (ERT),Lights From Parking Lot Shining On Building,1355
Eviction,Homebound Senior,98
Eviction,Mobile Senior,427
FLOORING/STAIRS,FLOOR,100669
FLOORING/STAIRS,STAIRS,5932
Ferry Complaint,Announcements,78
Ferry Complaint,Cleanliness,109
Ferry Complaint,Delays,516
Ferry Complaint,Disruptive Passenger,50
Ferry Complaint,General Complaint,1046
Ferry Complaint,Homeless Issue,108
Ferry Complaint,Lost and Found,2
Ferry Complaint,Restrooms,93
Ferry Complaint,Stores and Vendors,10
Ferry Inquiry,General Inquiry,394
Ferry Inquiry,Lost and Found,4019
Ferry Permit,Performance,362
Foam Ban Enforcement,ER9 FOAM VIOL. RETAILER,12
Foam Ban Enforcement,ERV FOAM VIOL. FOOD VENDOR,4
Food Establishment,Allergy Information,134
Food Establishment,Bare Hands in Contact w/ Food,4627
Food Establishment,Dishwashing/Utensils,852
Food Establishment,Facility Construction,636
Food Establishment,Food Contains Foreign Object,4638
Food Establishment,Food Contaminated,4053
Food Establishment,Food Preparation Location,1199
Food Establishment,Food Protection,1393
Food Establishment,Food Spoiled,6057
Food Establishment,Food Temperature,1878
Food Establishment,Food Worker Activity,627
Food Establishment,Food Worker Hygiene,2104
Food Establishment,Food Worker Illness,279
Food Establishment,Handwashing,1027
Food Establishment,Kitchen/Food Prep Area,3568
Food Establishment,Letter Grading,5107
Food Establishment,Lighting,34
Food Establishment,Milk Expired,40
Food Establishment,Milk Not Pasteurized,42
Food Establishment,No Permit or License,1407
Food Establishment,Odor,1451
Food Establishment,Permit/License/Certificate,1500
Food Establishment,Pesticide,235
Food Establishment,Pet/Animal,2214
Food Establishment,Plumbing,204
Food Establishment,Rodents/Insects/Garbage,19533
Food Establishment,Sewage,439
Food Establishment,Sign,126
Food Establishment,Sodium Warning,18
Food Establishment,Toilet Facility,1818
Food Establishment,Toxic Chemical/Material,178
Food Establishment,Ventilation,384
Food Establishment,Water,201
Food Poisoning,1 or 2,21387
Food Poisoning,3 or More,3824
For Hire Vehicle Complaint,Car Service Company Complaint,8065
For Hire Vehicle Complaint,Driver Complaint,27847
For Hire Vehicle Complaint,Equipment Complaint,124
For Hire Vehicle Complaint,Insurance Information Requested,235
For Hire Vehicle Report,Car Service Company Report,473
For Hire Vehicle Report,Driver Report,1068
Forensic Engineering,Building Under Structural Monitoring,333
Forms,Advice Request,8
Forms,Birth/Death Certificates,1
Forms,Building Information/Construction History,1
Forms,Business Opportunities/RFPs,59
Forms,Cable Television,1
Forms,Community Outreach,188
Forms,Complaint,3
Forms,"Education Support, Policy, and Practice",148
Forms,Facility Complaint,1
Forms,Inspection Requests/Complaints,2
Forms,Mandated Reporters,175
Forms,Mapping Information,1
Forms,Media Inquiries,70
Forms,Mental Health,3
Forms,NYC.gov Web Site,1
Forms,Office of Preventive Technical Assistance/OPTA,138
Forms,Other Health Matters,5
Found Property,Bag/Wallet,1083
Found Property,Book/Stationery,33
Found Property,Clothing/Glasses,282
Found Property,Electronics,8
Found Property,Electronics/Phones,1350
Found Property,Jewelry,86
Found Property,Musical Instrument,18
Found Property,Other,497
Found Property,Sports Equipment,18
GENERAL,BELL/BUZZER/INTERCOM,23747
GENERAL,CABINET,30093
GENERAL,CERAMIC-TILE,451
GENERAL,COOKING GAS,31846
GENERAL,DOORS,1416
GENERAL,FIRE-ESCAPE,32
GENERAL,FLOOR,2150
GENERAL,JANITOR/SUPER,5118
GENERAL,LOCKS,496
GENERAL,MAILBOX,5382
GENERAL,MOLD,2193
GENERAL,PORCH/BALCONY,1
GENERAL,SIGNAGE MISSING,3668
GENERAL,STAIRS,145
GENERAL,VENTILATION SYSTEM,6828
GENERAL,WINDOW GUARDS,150
GENERAL,WINDOWS,1734
GENERAL CONSTRUCTION,CABINETS,30172
GENERAL CONSTRUCTION,CERAMIC-TILE,25950
GENERAL CONSTRUCTION,DOORS,75770
GENERAL CONSTRUCTION,FIRE-ESCAPE,2896
GENERAL CONSTRUCTION,FLOOR,100842
GENERAL CONSTRUCTION,GAS,15785
GENERAL CONSTRUCTION,LOCKS,25358
GENERAL CONSTRUCTION,MAIL-BOX,7169
GENERAL CONSTRUCTION,MOLD,104839
GENERAL CONSTRUCTION,PORCH/BALCONY,3
GENERAL CONSTRUCTION,STAIRS,9389
GENERAL CONSTRUCTION,VENTILATION SYSTEM,4308
GENERAL CONSTRUCTION,WINDOW GUARDS,10387
GENERAL CONSTRUCTION,WINDOWS,87995
General Construction/Plumbing,Accident - Construction/Plumbing,121
General Construction/Plumbing,Adjacent Buildings Not Protected,1097
General Construction/Plumbing,"Building - Vacant, Open And Unguarded",15054
General Construction/Plumbing,Building Permit - None,14725
General Construction/Plumbing,Building Shaking/Vibrating/Structural Stability,30237
General Construction/Plumbing,Cons - Contrary/Beyond Approved Plans/Permits,25858
General Construction/Plumbing,Construction - Change Grade/Watercourse,236
General Construction/Plumbing,Curb Cut/Driveway/Carport - Illegal,18010
General Construction/Plumbing,Damage Assessment Request (Disaster),162
General Construction/Plumbing,Debris - Excessive,843
General Construction/Plumbing,Debris - Falling Or In Danger Of Falling,12883
General Construction/Plumbing,Deck Inspection,112
General Construction/Plumbing,Egress - Doors Locked/Blocked/Improper/No Secondary Means,18564
General Construction/Plumbing,Excavation Undermining Adjacent Building,3089
General Construction/Plumbing,Facade - Defective/Cracking (Ll11/98),3357
General Construction/Plumbing,Failure To Maintain,27330
General Construction/Plumbing,Failure to Comply with Vacate Order,1861
General Construction/Plumbing,Fence - None/Inadequate,13551
General Construction/Plumbing,Illegal Conversion Of Commercial Bldg/Space To Other Uses,2403
General Construction/Plumbing,Inadequate Support Shoring,360
General Construction/Plumbing,Landmark Bldg - Illegal Work,994
General Construction/Plumbing,Material Storage - Unsafe,428
General Construction/Plumbing,Non-Compliance w/Lightweight Materials,29
General Construction/Plumbing,Plan Compliance Inspection,3
General Construction/Plumbing,Posted Notice Or Order Removed/Tampered With,832
General Construction/Plumbing,Safety Inspection-Retaining Walls (May 2005),145
General Construction/Plumbing,Safety Netting/Guard Rails - Damaged/Inadequate/None (6 Stories/75 Feet Or Less),2364
General Construction/Plumbing,Sidewalk Shed/Pipe Scafford - Inadequate Defective/None,16168
General Construction/Plumbing,Site Conditions Endangering Workers,16183
General Construction/Plumbing,Smoking Ban - Smoking on Construction Site,355
General Construction/Plumbing,"Smoking Signs - ""No Smoking"" Signs Not Observed on Construction Site",117
General Construction/Plumbing,Structural Stability Impacted - New Building Under Construction,564
General Construction/Plumbing,Vent/Exhaust - Illegal/Improper,5818
General Construction/Plumbing,Vesting Inspection,104
General Construction/Plumbing,Wall/Retaining Wall - Bulging/Cracked,2773
General Construction/Plumbing,Working Contrary To Stop Work Order,13270
General Question,About NYC Opportunity,2
General Question,Projects,2
Graffiti,Graffiti,131662
Graffiti,Police Report Not Requested,409
Graffiti,Police Report Requested,1240
HEAT/HOT WATER,APARTMENT ONLY,318488
HEAT/HOT WATER,ENTIRE BUILDING,600405
HEATING,HEAT,871935
HEATING,HEAT RELATED,8371
HEATING,HEAT-PLANT,7563
HPD Literature Request,Article 8A Loan Program,15
HPD Literature Request,Certificate of No Harassment - Zoning,58
HPD Literature Request,Certificate of No Harassment or Exemption - SRO,122
HPD Literature Request,Emergency Notice,80
HPD Literature Request,HPD Guide to Programs and Services,239
HPD Literature Request,Heat Bulletin,6057
HPD Literature Request,Home Improvement Program (HIP) Loan,59
HPD Literature Request,Home Ownership Kit,4308
HPD Literature Request,HomeFirst Down Payment Information,1654
HPD Literature Request,Housing Education Program Course Guide,393
HPD Literature Request,Housing Information Guide For Tenants and Owners Notice,2988
HPD Literature Request,Housing Quality Standards (HQS) Inspections FAQs - English,89
HPD Literature Request,Housing Quality Standards (HQS) Inspections FAQs - Spanish,4
HPD Literature Request,Interruption of Essential Services Notice,21
HPD Literature Request,Loan Brochures,29
HPD Literature Request,Mitchell-Lama Housing List,2773
HPD Literature Request,Neighborhood Entrepreneurs Program (NEP) Guide,21
HPD Literature Request,New Lead Law Rights and Requirements,231
HPD Literature Request,Notice of Housing Code Enforcement Issues,56
HPD Literature Request,Participation Loan Program (PLP),5
HPD Literature Request,Sample Suspected Gas Leak Notice,16
HPD Literature Request,Senior Citizen Home Assistance Program (SCHAP) Loan,238
HPD Literature Request,Small Buildings Loan Program,14
HPD Literature Request,Storm Recovery Loan Program - Information Sheet,15
HPD Literature Request,Tenant and Landlord Disputes Brochure - English,12317
HPD Literature Request,Tenant and Landlord Disputes Brochure - Spanish,1992
HPD Literature Request,The ABCs of Housing,13437
HPD Literature Request,The ABCs of Housing - Arabic,30
HPD Literature Request,The ABCs of Housing - Chinese,179
HPD Literature Request,The ABCs of Housing - Haitian Creole,17
HPD Literature Request,The ABCs of Housing - Korean,18
HPD Literature Request,The ABCs of Housing - Russian,115
HPD Literature Request,The ABCs of Housing - Spanish,2252
Harboring Bees/Wasps,Beekeeping - Honeybees,223
Harboring Bees/Wasps,Bees/Wasps - Not a beekeper,1136
Harboring Bees/Wasps,Bees/Wasps - Private Property,97
Hazardous Material,Chemical Odor,1
Hazardous Material,Explosive/Weapons of Mass Destruction,1
Hazardous Material,Natural Gas Leak,1
Hazardous Material,Storage of Unsafe Chemical,1
Hazardous Materials,"BUILDING COLLAPSE/FIRE, (ASBESTOS RELATED) *FOR DEP INTERNAL USE ONLY* (HH2)",8
Hazardous Materials,"Building Collapse/Fire, (Asbestos Related) (HH1)",5
Hazardous Materials,Chemical Odor (HD1),10593
Hazardous Materials,Chemical Spill/Release (HA1),2587
Hazardous Materials,Indoor Air Complaint (HK1),2
Hazardous Materials,"Lead, Indoor (HJ1)",2
Hazardous Materials,"Lead, Outdoor (HJ2)",6
Hazardous Materials,"Oil Spill On Street, Large (HQL)",3950
Hazardous Materials,"Oil Spill On Street, Small (HQS)",1485
Hazardous Materials,Other Hazmat Problem (HZZ),185
Hazardous Materials,Petroleum Spill (HE1),453
Hazardous Materials,"Unsafe Chemical, Abandoned (HC2)",1809
Hazardous Materials,"Unsafe Chemical, Storage (HC1)",1260
Hazardous Materials,"Unsafe Chemical, Unknown (HC3)",149
Health,Accessing Medical Care,18
Health,Health Instruction in School,4
Health,Obtaining Health Insurance,1
Health,Unhealthy Condition in School,141
Highway Condition,Cave-in,1999
Highway Condition,Concrete Barrier,54
Highway Condition,Crash Cushion Defect,271
Highway Condition,Dead Animal,2038
Highway Condition,Graffiti - Highway,3458
Highway Condition,Guard Rail - Highway,147
Highway Condition,High Grass,458
Highway Condition,Highway Fence,447
Highway Condition,Litter,4532
Highway Condition,Loose Plate,895
Highway Condition,Painted Line/Marking,1730
Highway Condition,Pothole - Highway,20695
Highway Condition,Sign Blocked by Tree,81
Highway Condition,Unsafe Worksite,481
Highway Sign - Damaged,Construction,32
Highway Sign - Damaged,Electronic Sign - Overhead,266
Highway Sign - Damaged,Electronic Sign - Portable,13
Highway Sign - Damaged,Exit/Route,249
Highway Sign - Damaged,Other/Unknown,236
Highway Sign - Damaged,Speed Limit,17
Highway Sign - Dangling,Construction,26
Highway Sign - Dangling,Exit/Route,84
Highway Sign - Dangling,Other/Unknown,81
Highway Sign - Dangling,Speed Limit,12
Highway Sign - Missing,Construction,73
Highway Sign - Missing,Exit/Route,170
Highway Sign - Missing,Other/Unknown,153
Highway Sign - Missing,Speed Limit,23
Home Repair,Apartment,723
Home Repair,House,2685
Homebound Evacuation 4,TAL 2 Wheelchair,2
Homeless Person Assistance,No Status Call,8730
Homeless Person Assistance,Status Call,3963
Housing Options,Assisted Living,4862
Housing Options,Nursing Home,1519
Housing Options,Other Housing Options,9953
Illegal Animal - Sold/Kept,Rooster,1
Illegal Animal - Sold/Kept,Turtle Less Than 4 Inches,1
Illegal Animal Kept as Pet,Farm Animal,255
Illegal Animal Kept as Pet,Ferret,54
Illegal Animal Kept as Pet,Iguana,26
Illegal Animal Kept as Pet,Monkey,11
Illegal Animal Kept as Pet,Other,511
Illegal Animal Kept as Pet,Rooster,1006
Illegal Animal Kept as Pet,Snake,198
Illegal Animal Kept as Pet,Turtle Under 4 inches Long,4
Illegal Animal Sold,Farm Animal,17
Illegal Animal Sold,Ferret,5
Illegal Animal Sold,Iguana,7
Illegal Animal Sold,Monkey,8
Illegal Animal Sold,Other,149
Illegal Animal Sold,Rooster,16
Illegal Animal Sold,Snake,22
Illegal Animal Sold,Turtle Under 4 inches Long,171
Illegal Parking,Blocked Bike Lane,5576
Illegal Parking,Blocked Hydrant,138202
Illegal Parking,Blocked Sidewalk,94512
Illegal Parking,Commercial Overnight Parking,91453
Illegal Parking,Detached Trailer,3752
Illegal Parking,Double Parked Blocking Traffic,46254
Illegal Parking,Double Parked Blocking Vehicle,36383
Illegal Parking,Overnight Commercial Storage,13333
Illegal Parking,Parking Permit Improper Use,2911
Illegal Parking,Posted Parking Sign Violation,167123
Illegal Parking,Unauthorized Bus Layover,9826
Illegal Tree Damage,Bicycle Chained to Tree,1917
Illegal Tree Damage,Branches Damaged,3541
Illegal Tree Damage,Roots Damaged,2382
Illegal Tree Damage,Trunk Damaged,3413
Illegal Tree Damage,Unauthorized Tree Pruning,1069
Illegal Tree Damage,Unauthorized Tree Removal,6806
Indoor Air Quality,Chemical Vapors/Gases/Odors,15753
Indoor Air Quality,Dry Cleaning Vapors (PERC),353
Indoor Air Quality,Dust from Construction,5318
Indoor Air Quality,Other (Explain Below),9137
Indoor Air Quality,Ventilation,7779
Indoor Sewage,Sewage Leak,1198
Indoor Sewage,Sewage Odor,6880
Industrial Waste,Chemical Spill (IAC),1192
Industrial Waste,Concrete In Catch Basin (IEA),1715
Industrial Waste,Gasoline Spill (IAA),376
Industrial Waste,Grease In Sewer/Catch Basin (IDG),1526
Industrial Waste,Natural Gas In Sewer/Catch Basin (IFB),1151
Industrial Waste,Odor In Sewer/Catch Basin (ICB),440
Industrial Waste,Oil Spill Into Basin/Sewer - Large (IABL),1386
Industrial Waste,Oil Spill Into Basin/Sewer - Small (IABS),874
Industrial Waste,Wastewater Into Catch Basin (IEB),3448
Industrial Waste,Waterway-Color (IHD),61
Industrial Waste,Waterway-Floatables (IHC),53
Industrial Waste,Waterway-Oil/Gasoline (IHB),146
Industrial Waste,Waterway-Sewage (IHA),91
Injured Wildlife,Injured Wildlife,6
Interior Demo,Non-Compliance w/TTPN 1/00 - Vertical Enlargements,16
Investigations and Discipline (IAD),Electrical - Unlicensed/Illegal/Improper Work In Progress,2792
Investigations and Discipline (IAD),Investigative Inspection,1418
Investigations and Discipline (IAD),Plumbing Work - Unlicensed/Illegal/Improper Work In Progress,3533
Lead,Lead Kit Request (Non-Residential) (L11),453
Lead,Lead Kit Request (Residential) (L10),45955
Lead,Lead Other (Use Comments) (L2),7
Lifeguard,Absent,58
Lifeguard,Inattentive,50
Lifeguard,Not Certified,11
Lifeguard,Too Few on Duty,12
LinkNYC,Blocking Sidewalk,42
LinkNYC,Damaged/Defective,142
LinkNYC,Graffiti/Dirty Condition,25
LinkNYC,Touchscreen/Button Not Working,24
LinkNYC,WiFi/Internet Not Working/Slow,125
Litter Basket / Request,10 Litter Basket / Request,22957
Lost Property,Bag,5
MOLD,Public Complaint - Comm Location,1
Maintenance or Facility,Broken Glass,1168
Maintenance or Facility,Garbage or Litter,16141
Maintenance or Facility,Graffiti or Vandalism,3830
Maintenance or Facility,Grass/Weeds,7069
Maintenance or Facility,Hours of Operation,3624
Maintenance or Facility,Rodent Sighting,5667
Maintenance or Facility,Snow or Ice,4385
Maintenance or Facility,Structure - Indoors,6982
Maintenance or Facility,Structure - Outdoors,37206
Maintenance or Facility,Unsecured Facility,4083
Miscellaneous Categories,FDNY Referral - Pilot,1013
Missed Collection (All Materials),1 Missed Collection,81926
Missed Collection (All Materials),1C Uncollected Xmas Trees,1703
Missed Collection (All Materials),1L Missed Recycling Leaves,199
Missed Collection (All Materials),1R Missed Recycling-All Materials,30168
Missed Collection (All Materials),1RB Missed Recycling - M/G/Pl,12880
Missed Collection (All Materials),1RG Missed Recycling Paper,15873
Missed Collection (All Materials),1RO Missed Recycling Organics,3854
Missed Collection (All Materials),2 Bulk-Missed Collection,33114
Missed Collection (All Materials),2R Bulk-Missed Recy Collection,10630
Mold,Public Complaint - Comm Location,2588
Mold,Workplace - 10 or Less Staff,88
Mosquitoes,Large Number of Mosquitoes,1651
Municipal Parking Facility,"Dirt, Litter, Debris - Garage",20
Municipal Parking Facility,"Dirt, Litter, Debris - Lot",62
Municipal Parking Facility,General Maintenance,396
Municipal Parking Facility,Lighting - Garage,15
Municipal Parking Facility,Sign Defect - Garage,11
Municipal Parking Facility,Sign Defect - Lot,36
Municipal Parking Facility,Snow Removal,117
NONCONST,CARBON MONOXIDE,15550
NONCONST,JANITOR-SUPER,8948
NONCONST,JANITOR/SUPER,267
NONCONST,RUBBISH,31735
NONCONST,SIGNAGE,340
NONCONST,SMOKE DETECTOR,245
NONCONST,SMOKE-DETECTOR,16259
NONCONST,SMOKE-FUMES,186
NONCONST,VERMIN,187360
New Tree Request,For One Address,121101
New Tree Request,For Whole Block,1653
No Child Left Behind,School Choice/Transfer,18
No Child Left Behind,Tutoring (SES),5
Noise,Air Conditioner/Ventilation Equipment,1
Noise,Construction Before/After Hours - For DEP Internal Use Only,1
Noise,Horn Honking Sign Requested (NR9),1601
Noise,"Noise, Barking Dog (NR5)",57664
Noise,"Noise, Ice Cream Truck (NR4)",13096
Noise,"Noise, Other Animals (NR6)",1525
Noise,Noise:  lawn care equipment (NCL),2585
Noise,"Noise: Air Condition/Ventilation Equip, Commercial (NJ2)",5156
Noise,"Noise: Air Condition/Ventilation Equip, Residential (NJ1)",3547
Noise,Noise: Alarms (NR3),21704
Noise,"Noise: Boat(Engine,Music,Etc) (NR10)",855
Noise,Noise: Construction Before/After Hours (NM1),155885
Noise,Noise: Construction Equipment (NC1),53213
Noise,Noise: Jack Hammering (NC2),27368
Noise,Noise: Loud Music/Daytime (Mark Date And Time) (NN1),72
Noise,Noise: Loud Music/Nighttime(Mark Date And Time) (NP1),259
Noise,Noise: Manufacturing Noise (NK1),2498
Noise,Noise: Other Noise Sources (Use Comments) (NZZ),1988
Noise,Noise: Private Carting Noise (NQ1),9064
Noise,Noise: Vehicle (NR2),137
Noise,Noise: air condition/ventilation equipment (NV1),27033
Noise,Private Carting,23
Noise - Commercial,Banging/Pounding,28472
Noise - Commercial,Car/Truck Horn,5040
Noise - Commercial,Car/Truck Music,6103
Noise - Commercial,Loud Music/Party,214961
Noise - Commercial,Loud Talking,25483
Noise - Commercial,Loud Television,613
Noise - Helicopter,Flying Too Low,290
Noise - Helicopter,Hovering,276
Noise - Helicopter,NYPD,780
Noise - Helicopter,News Gathering,583
Noise - Helicopter,Other,6327
Noise - Helicopter,Passing By,146
Noise - House of Worship,Banging/Pounding,1044
Noise - House of Worship,Loud Music/Party,5588
Noise - House of Worship,Loud Talking,1785
Noise - House of Worship,Loud Television,20
Noise - Park,Loud Music/Party,20263
Noise - Park,Loud Talking,7301
Noise - Residential,Banging/Pounding,375207
Noise - Residential,Loud Music/Party,944561
Noise - Residential,Loud Talking,89462
Noise - Residential,Loud Television,27037
Noise - Street/Sidewalk,Loud Music/Party,201390
Noise - Street/Sidewalk,Loud Talking,114613
Noise - Vehicle,Car/Truck Horn,26754
Noise - Vehicle,Car/Truck Music,82423
Noise - Vehicle,Engine Idling,40389
Noise Survey,People Created Noise,16303
Non-Emergency Police Matter,Other (complaint details),41877
Non-Emergency Police Matter,Street Con Game,196
Non-Emergency Police Matter,Ticket Scalping,120
Non-Emergency Police Matter,Trespassing,10595
Non-Residential Heat,Inadequate or No Heat,10461
OEM Disabled Vehicle,Snow Emergency,1916
OEM Literature Request,Hurricane Preparedness - Arabic,17
OEM Literature Request,Hurricane Preparedness - Chinese,67
OEM Literature Request,Hurricane Preparedness - English,1571
OEM Literature Request,Hurricane Preparedness - Haitian Creole,15
OEM Literature Request,Hurricane Preparedness - Italian,16
OEM Literature Request,Hurricane Preparedness - Korean,10
OEM Literature Request,Hurricane Preparedness - Polish,5
OEM Literature Request,Hurricane Preparedness - Russian,99
OEM Literature Request,Hurricane Preparedness - Spanish,199
OEM Literature Request,Hurricane Preparedness - Urdu,3
OEM Literature Request,Hurricane Preparedness - Yiddish,8
OEM Literature Request,Ready NY - Arabic - Full Size,17
OEM Literature Request,Ready NY - Businesses,63
OEM Literature Request,Ready NY - Businesses - Chinese,9
OEM Literature Request,Ready NY - Businesses - English,59
OEM Literature Request,Ready NY - Businesses - Spanish,8
OEM Literature Request,Ready NY - Chinese Simplified - Full Size,19
OEM Literature Request,Ready NY - Chinese Traditional - Full Size,37
OEM Literature Request,Ready NY - Chinese Traditional - Pocket Size,21
OEM Literature Request,Ready NY - English - 2007 Guide,40
OEM Literature Request,Ready NY - English - Full Size,1690
OEM Literature Request,Ready NY - English - Pocket Size,645
OEM Literature Request,Ready NY - Flooding,271
OEM Literature Request,Ready NY - French - Full Size,6
OEM Literature Request,Ready NY - Haitian Creole - Full Size,25
OEM Literature Request,Ready NY - Kids - Elementary School Students,301
OEM Literature Request,Ready NY - Kids - Middle and High School Students,181
OEM Literature Request,Ready NY - Korean - Full Size,10
OEM Literature Request,Ready NY - Pets - Chinese,5
OEM Literature Request,Ready NY - Pets - English,214
OEM Literature Request,Ready NY - Pets - Russian,1
OEM Literature Request,Ready NY - Pets - Spanish,12
OEM Literature Request,Ready NY - Polish - Full Size,3
OEM Literature Request,Ready NY - Reference Card,112
OEM Literature Request,Ready NY - Russian - Full Size,48
OEM Literature Request,Ready NY - Russian - Pocket Size,21
OEM Literature Request,Ready NY - Seniors and Disabled - Audio Cassette,49
OEM Literature Request,Ready NY - Seniors and Disabled - Braille for the Blind,6
OEM Literature Request,Ready NY - Seniors and Disabled - Chinese,23
OEM Literature Request,Ready NY - Seniors and Disabled - English,297
OEM Literature Request,Ready NY - Seniors and Disabled - Russian,15
OEM Literature Request,Ready NY - Seniors and Disabled - Spanish,46
OEM Literature Request,Ready NY - Small and Mid-Sized Companies,46
OEM Literature Request,Ready NY - Spanish - Full Size,191
OEM Literature Request,Ready NY - Spanish - Pocket Size,114
OEM Literature Request,Ready NY - Urdu - Full Size,1
OEM Literature Request,Ready NY Beat the Heat - English,135
OEM Literature Request,Ready NY Guide - Pocket Sized - English,505
OEM Literature Request,Ready NY My Emergency Plan - English,707
OEM Literature Request,Ready NY My Emergency Plan - Haitian Creole,30
OEM Literature Request,Ready NY My Emergency Plan - Italian,8
OEM Literature Request,Ready NY My Emergency Plan - Korean,8
OEM Literature Request,Ready NY My Emergency Plan - Polish,2
OEM Literature Request,Ready NY My Emergency Plan - Russian,45
OEM Literature Request,Ready NY My Emergency Plan - Spanish,153
OEM Literature Request,Ready NY My Emergency Plan - Traditional Chinese,55
OEM Literature Request,Ready NY- Pandemic Flu,98
OEM Literature Request,Summer Heat - Chinese,7
OEM Literature Request,Summer Heat - English,119
OEM Literature Request,Summer Heat - Haitian Creole,5
OEM Literature Request,Summer Heat - Korean,4
OEM Literature Request,Summer Heat - Russian,3
OEM Literature Request,Summer Heat - Spanish,45
OEM Literature Request,Winter Health and Safety Tips Guide,28
OUTSIDE BUILDING,FENCING,3
OUTSIDE BUILDING,GUTTER/LEADER,482
OUTSIDE BUILDING,PAVEMENT,1084
OUTSIDE BUILDING,PORCH/BALCONY,492
OUTSIDE BUILDING,ROOF DOOR/HATCH,872
OUTSIDE BUILDING,ROOFING,2616
OUTSIDE BUILDING,SKYLIGHT,300
Other Enforcement,E10 Obstruction (Street/Sidewalk),13085
Other Enforcement,E10 Street Obstruction,3057
Other Enforcement,E14 ASP/Restricted Parking,3120
Other Enforcement,E2A Storage Of Receptacles,16991
Other Enforcement,E30 Transfer Station,312
Other Enforcement,E3B Sidewalk Obstruction,5155
Other Enforcement,E6 Commercial Waste Disposal,5388
Other Enforcement,ECR Commercial Routing Sticker,1820
Overflowing Litter Baskets,6 Overflowing Litter Baskets,10359
Overflowing Recycling Baskets,6R Overflowing Recycling Baskets,151
Overgrown Tree/Branches,Blocking Street,21425
Overgrown Tree/Branches,Clear Street Light,5185
Overgrown Tree/Branches,Dead Branches in Tree,21285
Overgrown Tree/Branches,Hitting Building,38586
Overgrown Tree/Branches,Hitting Power/Phone Lines,27007
Overgrown Tree/Branches,Traffic Sign or Signal Blocked,4149
PAINT - PLASTER,CABINETS,512
PAINT - PLASTER,CEILING,180010
PAINT - PLASTER,DOORS/FRAME,3129
PAINT - PLASTER,RADIATOR,3533
PAINT - PLASTER,WALLS,168471
PAINT - PLASTER,WINDOW/FRAME,5603
PAINT/PLASTER,CABINET,1266
PAINT/PLASTER,CEILING,128776
PAINT/PLASTER,DOOR/FRAME,2652
PAINT/PLASTER,RADIATOR,3012
PAINT/PLASTER,WALL,133620
PAINT/PLASTER,WINDOW/FRAME,3710
PLUMBING,BASIN/SINK,134055
PLUMBING,BATHTUB,40605
PLUMBING,BATHTUB/SHOWER,43026
PLUMBING,BOILER,1402
PLUMBING,RADIATOR,56038
PLUMBING,SEWER,12651
PLUMBING,SHOWER-STALL,8822
PLUMBING,SPRINKLER,444
PLUMBING,STEAM PIPE/RISER,5966
PLUMBING,TOILET,63820
PLUMBING,WATER SUPPLY,52821
PLUMBING,WATER-LEAKS,169555
PLUMBING,WATER-SUPPLY,51724
Parent Leadership,Complaint,63
Parent Leadership,Information,1
Parking Card,Not Received - Vending Machine,377
Pet Shop,Dogs or Cats Not Sold,51
Pet Shop,Dogs or Cats Sold,117
Plant,DRY WEATHER DISCHARGE - DWD,65
Plant,Dry weather discharge (DWD),2
Plant,Plants- Noise Related Problems (PN1),86
Plant,Plants- Odor Related Problems (PO1),2213
Plumbing,Failure To Retain Water/Improper Drainage- (LL103/89),9926
Plumbing,Gas Hook-Up/Piping - Illegal Or Defective,7112
Plumbing,Plumbing Work - Illegal/No Permit/Standpipe/Sprinkler,8255
Plumbing,Plumbing-Defective/Leaking/Not Maintained,8995
Plumbing,Sprinkler System - Inadequate,1820
Portable Toilet,Abandoned,1
Portable Toilet,Odor,6
Portable Toilet,Unsanitary Condition,6
Posting Advertisement,Building,701
Posting Advertisement,Vehicle,2243
Public Payphone Complaint,Damaged Telephone,2473
Public Payphone Complaint,Graffiti/Litter on Phone,583
Public Payphone Complaint,Illegal Activity by Phone,274
Public Payphone Complaint,Lost Coin,1563
Public Payphone Complaint,No Dial Tone,424
Public Payphone Complaint,Phone Blocking Sidewalk,235
Public Toilet,Damaged Door,26
Public Toilet,Damaged Other,86
Public Toilet,Damaged Toilet/Sink,40
Public Toilet,Damaged/Leaking Roof,1
Public Toilet,Damaged/Missing Ad Box,1
Public Toilet,Dirty/Graffiti,99
Public Toilet,Flooded,35
Public Toilet,Lighting/Electrical,1
Public Toilet,New Automatic Public Toilet Request,91
Question,ALJ Division,1
Question,Administration,202
Question,Annual Report,3
Question,Appeals Division,2
Question,Capital Construction,3
Question,Citywide Procurement,54
Question,Communications/Intergovernmental,1
Question,EEO,14
Question,Energy,1
Question,Executive,24
Question,FOIL Request - Request for Records,53
Question,Facilities Management,7
Question,Fiscal and Business Management,4
Question,Fleet,8
Question,General Counsel,23
Question,Human Capital,160
Question,Information Technology,13
Question,Language Access Coordinator,2
Question,Other,58
Question,Real Estate Services,14
Question,Real Property Tax Assessment/Correction,112
Question,Special Events,16
Question,Tax Commission Rules,8
Radioactive Material,Contamination Risk,46
Radioactive Material,Material Stored Improperly,13
Radioactive Material,User Unlicensed,11
Recycling Enforcement,ER1 Resident Recyc. (Owner/Manager,4762
Recycling Enforcement,ER2 Resident Recyc. (Tenant),1350
Recycling Enforcement,ER4 City Agency (Inst. Recycling),129
Recycling Enforcement,ER5 Comm. Recyc. (Bldg Mgmt),638
Recycling Enforcement,ER6 Comm. Recyc. (Comm. Tenant),659
Recycling Enforcement,ER7 Rechargeable Battery (Retailer),2
Registration and Transfers,Registration,88
Registration and Transfers,Transfer,102
Request Large Bulky Item Collection,Request Large Bulky Item Collection,103598
Request Xmas Tree Collection,C1 Request Xmas Trees Collection,1983
Research Questions,City Planning Commission,11
Research Questions,Other,37
Research Questions,Special Agency Projects/Initiatives,3
Research Questions,Zoning and Land Use Questions/Information,11
Rodent,Condition Attracting Rodents,55792
Rodent,Mouse Sighting,34648
Rodent,Rat Sighting,112043
Rodent,Rodent Bite - PCS Only,3
Rodent,Signs of Rodents,15437
Root/Sewer/Sidewalk Condition,Affecting Sewer or Foundation,4470
Root/Sewer/Sidewalk Condition,Sidewalk Consultation,7584
Root/Sewer/Sidewalk Condition,Trees and Sidewalks Program,63570
SAFETY,CARBON MONOXIDE DETECTOR,9539
SAFETY,FIRE ESCAPE,6722
SAFETY,OUTLET COVER,31
SAFETY,SMOKE DETECTOR,11044
SAFETY,SPRINKLER,1017
SAFETY,WINDOW GUARD BROKEN/MISSING,9693
SCRIE,Application Appeal,465
SCRIE,Application Portability,86
SCRIE,Application Renewal,9364
SCRIE,Copy of Approval Order,4710
SCRIE,Initial Application,3843
SCRIE,Miscellaneous,5853
SCRIE,Rent Discrepancy,4842
SCRIE,SCRIE Application Problem,5370
SCRIE,SCRIE Assistance,31567
SCRIE,SCRIE Recertification,12353
SCRIE,TAC Report,1737
SCRIE,Update Tenant Information,1866
STRUCTURAL,WATER-LEAKS,16
Safety,Altercation off School Property,39
Safety,Altercation on School Property,130
Safety,School Safety,173
Safety,Student Being Harassed,243
Sanitation Condition,12 Dead Animals,70898
Sanitation Condition,15 Street Cond/Dump-Out/Drop-Off,162354
Sanitation Condition,15R Street Cond/Ref.W Door,797
Sanitation Condition,22 Weeds,14265
Sanitation Condition,9 Spill/Oil etc,72
Scaffold Safety,Suspended (Hanging) Scaffolds - No Pmt/Lic/Dangerous/Accident,2106
School Maintenance,Air Conditioning Problem,1526
School Maintenance,Asbestos,71
School Maintenance,Broken Fence,93
School Maintenance,Broken Lock,39
School Maintenance,Broken Water Fountain,96
School Maintenance,Broken Window,26
School Maintenance,Graffiti,186
School Maintenance,Heating Problem,1431
School Maintenance,Lack of Supplies,100
School Maintenance,Leaky Roof,71
School Maintenance,Other School Condition,3210
School Maintenance,Plumbing Problem,404
School Maintenance,Poison Ivy,24
School Maintenance,Rodents/Mice,1514
School Maintenance,Snow/Ice,876
School Maintenance,Unclean Condition,4990
Select Message Type...,Budget,1
Sewer,Catch Basin Clogged/Flooding (Use Comments) (SC),72519
Sewer,Catch Basin Grating Missing (SA4),3163
Sewer,Catch Basin Search (SC2),4128
Sewer,Catch Basin Sunken/Damaged/Raised (SC1),24340
Sewer,Culvert Blocked/Needs Cleaning (SE),1389
Sewer,DAMAGE STRUCTURE/RAILING (SRGDM),5
Sewer,Defective/Missing Curb Piece (SC4),7346
Sewer,Highway Flooding (SH),2539
Sewer,Manhole Cover Broken/Making Noise (SB),17407
Sewer,Manhole Cover Missing (Emergency) (SA3),14331
Sewer,Manhole Overflow (Use Comments) (SA1),4671
Sewer,Manhole Sunken/Damaged/Raised (SB1),2952
Sewer,Plate Missing/Moved-Exposing Hole (SB4),592
Sewer,Plate Noisy/Sunken/Raised (SB5),816
Sewer,RAIN GARDEN DEBRIS (SRGDBR),43
Sewer,RAIN GARDEN FLOODING (SRGFLD),5
Sewer,Recurring after SOAP *FOR DEP INTERNAL USE ONLY* (SRAS),82
Sewer,SOAP segment *FOR DEP INTERNAL USE ONLY* (SOAP)  Recurring after SOAP *FOR DEP INTERNAL USE ONLY* (SRAS),1
Sewer,Sewer Backup (Use Comments) (SA),117211
Sewer,Sewer Break (SBR),981
Sewer,Sewer Odor (SA2),11433
Sewer,Street Cave-In / Depression (SG),302
Sewer,Street Flooding (SJ),19457
Sewer,Trench (SZZ1),192
Sidewalk Condition,Blocked - ATM,864
Sidewalk Condition,Blocked - Construction,18542
Sidewalk Condition,Broken Sidewalk,65111
Sidewalk Condition,Canopy Complaint,485
Sidewalk Condition,Cellar Door Defective,435
Sidewalk Condition,Cellar Door New,20
Sidewalk Condition,Cellar Door Open/Unprotected,944
Sidewalk Condition,Curb Painted,3382
Sidewalk Condition,Defacement,397
Sidewalk Condition,Defective Hardware,2334
Sidewalk Condition,Dismiss Violation Owner Fixed,7070
Sidewalk Condition,Dumpster - Bulk Household,8
Sidewalk Condition,Dumpster - Construction Waste,5254
Sidewalk Condition,Metal Protruding - Sign Stump,2466
Sidewalk Condition,Newspaper Box Complaint,2321
Sidewalk Condition,Pedestrian Ramp Defective,1954
Sidewalk Condition,Sidewalk Caf,88
Sidewalk Condition,Sidewalk Collapsed,2351
Sidewalk Condition,Sidewalk Grating - Defective,2319
Sidewalk Condition,Sidewalk Grating - Missing,481
Sidewalk Condition,Sidewalk Staircase,457
Sidewalk Condition,Sidewalk Violation,71832
Sidewalk Condition,Unsafe Worksite,1298
Smoking,Cigarette Vending Machine,8
Smoking,Flavored Tobacco,13
Smoking,Shisha,14
Smoking,Smoking Violation,15698
Snow,15I Street Condition Ice-Non Storm,3777
Snow,15S Re-Plow/Spread/Ice-Snow Cond.,26071
Snow,5 Un-Plowed/Spread Street,974
Snow,E9 Snow / Icy Sidewalk,45844
Special Natural Area District (SNAD),Illegal Tree Removal/Topo. Change in SNAD,634
Special Projects Inspection Team (SPIT),Adult Establishment,820
Special Projects Inspection Team (SPIT),Advertising Sign/Billboard/Posters/Flexible Fabric - Illegal,6601
Special Projects Inspection Team (SPIT),Contrary To LL 58/87(Handicapped Access),2335
Special Projects Inspection Team (SPIT),Illegal Conversion Of Manufacturing/Industrial Space,670
Special Projects Inspection Team (SPIT),Illegal Hotel Rooms In Residential Building,8992
Special Projects Inspection Team (SPIT),Privately Owned Public Space/Non-Compliance,994
Special Projects Inspection Team (SPIT),Sign - In Danger Of Falling,1121
Special Projects Inspection Team (SPIT),Sign/Awning/Marquee - Illegal/No Permit,7338
Stalled Sites,Stalled Construction Site,717
Standing Water,Basement,211
Standing Water,Bird Bath,91
Standing Water,Building Foundation,285
Standing Water,Container - Over 5 Gallons,1149
Standing Water,Container - Under 5 Gallons,304
Standing Water,Flower Planters,125
Standing Water,Fountain - Over 5 Gallons,142
Standing Water,Fountain - Under 5 Gallons,45
Standing Water,Other - Explain Below,5454
Standing Water,Puddle in Ground,2674
Standing Water,Puddle on Driveway,282
Standing Water,Puddle on Roof,688
Standing Water,Puddle on Sidewalk,557
Standing Water,Roof Gutters,187
Standing Water,Sewer or Drain,591
Standing Water,Swimming Pool - Unmaintained,3999
Standing Water,Swimming Pool Cover,652
Standing Water,Tires,299
Standpipe - Mechanical,Voluntary,6
Street Condition,Blocked - Construction,21915
Street Condition,Cave-in,82934
Street Condition,Crack Sealing,4
Street Condition,Crash Cushion Defect,541
Street Condition,Defacement,143
Street Condition,Defective Hardware,48976
Street Condition,Depression Maintenance,219
Street Condition,Dumpster - Causing Damage,24
Street Condition,Dumpster - Construction Waste,276
Street Condition,Failed Street Repair,58406
Street Condition,General Bad Condition,544
Street Condition,Guard Rail - Street,763
Street Condition,Guide Rail,3
Street Condition,Hummock,940
Street Condition,Line/Marking - After Repaving,2342
Street Condition,Line/Marking - Faded,13578
Street Condition,Maintenance Cover,188
Street Condition,Plate Condition - Anti-Skid,64
Street Condition,Plate Condition - Noisy,15799
Street Condition,Plate Condition - Open,3052
Street Condition,Plate Condition - Shifted,7959
Street Condition,Pothole,501150
Street Condition,"Rough, Pitted or Cracked Roads",44721
Street Condition,Strip Paving,128
Street Condition,Suspected Street Cut,19
Street Condition,Unsafe Worksite,2492
Street Condition,Wear & Tear,13658
Street Light Condition,Bracket Arm Bent,119
Street Light Condition,Bracket Arm Broken,151
Street Light Condition,Bracket Arm Loose,319
Street Light Condition,Bracket Arm Missing,224
Street Light Condition,Control Panel Damaged,114
Street Light Condition,Defective Streetlight,1
Street Light Condition,Fire Alarm Lamp Cycling,4
Street Light Condition,Fire Alarm Lamp Dayburning,4
Street Light Condition,Fire Alarm Lamp Dim,1
Street Light Condition,Fire Alarm Lamp Missing,146
Street Light Condition,Fire Alarm Lamp Out,164
Street Light Condition,Fire Globe Missing,142
Street Light Condition,Fixture/Luminaire Damaged,3024
Street Light Condition,Fixture/Luminaire Door Open,9128
Street Light Condition,Fixture/Luminaire Hanging,4744
Street Light Condition,Fixture/Luminaire Missing,1822
Street Light Condition,Fixture/Luminaire Out Of Position,7108
Street Light Condition,Flood Light Lamp Cycling,2137
Street Light Condition,Flood Light Lamp Dayburning,159
Street Light Condition,Flood Light Lamp Dim,156
Street Light Condition,Flood Light Lamp Missing,165
Street Light Condition,Flood Light Lamp Out,4808
Street Light Condition,Foreign Attachment On Lamppost,1970
Street Light Condition,Foreign Attachment On Wood Pole,291
Street Light Condition,Glassware Broken,4449
Street Light Condition,Glassware Hanging,2871
Street Light Condition,Glassware Missing,8953
Street Light Condition,Highway Sign Lighting Repair,3
Street Light Condition,In-Line Fuse Missing,437
Street Light Condition,Lamppost Base Door/Cover Damaged,3391
Street Light Condition,Lamppost Base Door/Cover Missing,3647
Street Light Condition,Lamppost Base Door/Cover Open,17237
Street Light Condition,Lamppost Damaged,5144
Street Light Condition,Lamppost Knocked Down,5503
Street Light Condition,Lamppost Leaning,6119
Street Light Condition,Lamppost Missing,3158
Street Light Condition,Lamppost Wire Exposed,5711
Street Light Condition,Multiple St Lts Dayburning,1755
Street Light Condition,Multiple Street Lights Out,16657
Street Light Condition,New Con Ed Service Request,2561
Street Light Condition,Photocell (PEC) Missing,2857
Street Light Condition,Street Light Cycling,45289
Street Light Condition,Street Light Dayburning,12672
Street Light Condition,Street Light Lamp Dim,4456
Street Light Condition,Street Light Lamp Missing,2674
Street Light Condition,Street Light Out,598961
Street Light Condition,Time Clock Maladjusted,4396
Street Light Condition,Traffic Signal Light,3236
Street Light Condition,Wood Pole Damaged,66
Street Light Condition,Wood Pole Knocked Down,38
Street Light Condition,Wood Pole Leaning,110
Street Light Condition,Wood Pole Missing,18
Street Light Condition,Wood Pole Wires Exposed,61
Street Sign - Damaged,Bus Stop,1540
Street Sign - Damaged,Construction,206
Street Sign - Damaged,Detour,110
Street Sign - Damaged,Do Not Block the Box,18
Street Sign - Damaged,Do Not Enter,1188
Street Sign - Damaged,Honorary,29
Street Sign - Damaged,No Idling,20
Street Sign - Damaged,"No Parking, Standing, Stopping",10915
Street Sign - Damaged,One Way,5429
Street Sign - Damaged,Other/Unknown,10397
Street Sign - Damaged,School Crossing,1111
Street Sign - Damaged,Speed Limit,402
Street Sign - Damaged,St Name - Attached to Pole,11765
Street Sign - Damaged,St Name - Over Intersection,384
Street Sign - Damaged,Stop,9887
Street Sign - Damaged,Street Cleaning - ASP,9948
Street Sign - Damaged,Yield,283
Street Sign - Dangling,Bus Stop,503
Street Sign - Dangling,Construction,88
Street Sign - Dangling,Detour,44
Street Sign - Dangling,Do Not Block the Box,14
Street Sign - Dangling,Do Not Enter,200
Street Sign - Dangling,Honorary,20
Street Sign - Dangling,No Idling,8
Street Sign - Dangling,"No Parking, Standing, Stopping",3853
Street Sign - Dangling,One Way,1027
Street Sign - Dangling,Other/Unknown,4353
Street Sign - Dangling,School Crossing,560
Street Sign - Dangling,Speed Limit,456
Street Sign - Dangling,St Name - Attached to Pole,3079
Street Sign - Dangling,St Name - Over Intersection,1443
Street Sign - Dangling,Stop,2076
Street Sign - Dangling,Street Cleaning - ASP,1628
Street Sign - Dangling,Yield,112
Street Sign - Missing,Bus Stop,1458
Street Sign - Missing,Construction,197
Street Sign - Missing,Detour,46
Street Sign - Missing,Do Not Block the Box,22
Street Sign - Missing,Do Not Enter,480
Street Sign - Missing,Honorary,46
Street Sign - Missing,No Idling,18
Street Sign - Missing,"No Parking, Standing, Stopping",12044
Street Sign - Missing,One Way,977
Street Sign - Missing,Other/Unknown,6518
Street Sign - Missing,School Crossing,431
Street Sign - Missing,Speed Limit,406
Street Sign - Missing,St Name - Attached to Pole,9239
Street Sign - Missing,St Name - Over Intersection,581
Street Sign - Missing,Stop,5339
Street Sign - Missing,Street Cleaning - ASP,3278
Street Sign - Missing,Yield,314
Summer Camp,Animals/Other,3
Summer Camp,Child Safety/Supervision,65
Summer Camp,Facility Maint./Cleanliness,59
Summer Camp,Food/Food Worker,8
Summer Camp,Ill Staff,28
Summer Camp,Staff/Supervision/Permits,147
Summer Camp,Swimming Pool/Waterfront,14
Sweeping/Inadequate,3B Sweeping/Inadequate,1534
Sweeping/Missed,3A Sweeping/Missed,4839
Sweeping/Missed-Inadequate,3 Sweeping/Missed-Inadequate,5793
Tanning,Child or Minor Tanning,4
Tanning,Equipment Maintenance,8
Tanning,Equipment Not Safe,4
Tanning,Facility General,17
Tanning,Injury or Illness from Tanning,3
Tattooing,Dirty/Inadequate Equip./Facility,277
Tattooing,Minor Received Tattoo,181
Tattooing,No Consent Form,56
Tattooing,Tattoo Artist Unlicensed,284
Taxi Complaint,Driver Complaint,139258
Taxi Complaint,Insurance Information Requested,4108
Taxi Complaint,Vehicle Complaint,4325
Taxi Compliment,Driver Compliment,5271
Taxi Report,Driver Report,8804
Taxi Report,Vehicle Report,588
Taxpayer Advocate Inquiry,Business Tax,4
Taxpayer Advocate Inquiry,Co-op or Condo Abatement,4
Taxpayer Advocate Inquiry,Commercial Exemptions,1
Taxpayer Advocate Inquiry,Commercial Rent Tax- Refund,1
Taxpayer Advocate Inquiry,Excise Taxes-Audit,1
Taxpayer Advocate Inquiry,Excise Taxes-Other,2
Taxpayer Advocate Inquiry,Excise Taxes-Refund,2
Taxpayer Advocate Inquiry,General Business Tax- Audit,1
Taxpayer Advocate Inquiry,Personal Exemptions,80
Taxpayer Advocate Inquiry,Property - Other Billing Issue,67
Taxpayer Advocate Inquiry,Property Misclassified,5
Taxpayer Advocate Inquiry,Property Refunds and Credits,10
Taxpayer Advocate Inquiry,Property Value,8
Taxpayer Advocate Inquiry,RPIE,2
Teaching/Learning/Instruction,Academic Intervention Services,27
Teaching/Learning/Instruction,Bilingual Program,56
Teaching/Learning/Instruction,Classroom Learning,173
Teaching/Learning/Instruction,Gifted and Talented,12
Teaching/Learning/Instruction,Home Instruction,5
Teaching/Learning/Instruction,Home Schooling,2
Teaching/Learning/Instruction,Pre-Kindergarten,5
Teaching/Learning/Instruction,Promotion/Grad Requirements,90
Teaching/Learning/Instruction,Special Education,28
Teaching/Learning/Instruction,Summer School,16
Teaching/Learning/Instruction,Tutoring,6
Traffic,Chronic Speeding,2034
Traffic,Chronic Stoplight Violation,2335
Traffic,Congestion/Gridlock,21959
Traffic,Drag Racing,1236
Traffic,Truck Route Violation,5010
Traffic Signal Condition,APS,163
Traffic Signal Condition,BBS Failure,190
Traffic Signal Condition,Base Door,7502
Traffic Signal Condition,Blank Out Matrix Sgn,17
Traffic Signal Condition,Box Cover,90
Traffic Signal Condition,CMU Communication,285
Traffic Signal Condition,Cable,4092
Traffic Signal Condition,Coax Cable,3
Traffic Signal Condition,Conduit,362
Traffic Signal Condition,Condulet Cover,35
Traffic Signal Condition,Conflict Monitor,8
Traffic Signal Condition,Controller,197927
Traffic Signal Condition,Controller Cabinet,507
Traffic Signal Condition,Controller Flasher,112
Traffic Signal Condition,Dead End Sign,3
Traffic Signal Condition,Dead End Signal,190
Traffic Signal Condition,Det-Sens Amplifier,1
Traffic Signal Condition,Det-Sens Cabinet,8
Traffic Signal Condition,Detector Sensor,87
Traffic Signal Condition,Door,295
Traffic Signal Condition,Door Lock,535
Traffic Signal Condition,Dust Cover,8
Traffic Signal Condition,EXPY Fixture,2
Traffic Signal Condition,EXPY Lamp,2
Traffic Signal Condition,EXPY Sign Fixt Cover,1
Traffic Signal Condition,EXPY Sign Reflector,2
Traffic Signal Condition,EZ PASS READER,1
Traffic Signal Condition,Enclosure Cap,1170
Traffic Signal Condition,Ethernet Cable,2
Traffic Signal Condition,Expressway Sign,8
Traffic Signal Condition,Fixture(S),3
Traffic Signal Condition,Flashing Hazard,407
Traffic Signal Condition,Foundation,292
Traffic Signal Condition,Hangers,11
Traffic Signal Condition,In Conduit,117
Traffic Signal Condition,In Post Base,118
Traffic Signal Condition,Junction Box,1207
Traffic Signal Condition,LED Lense,16964
Traffic Signal Condition,LED Pedestrian Unit,26542
Traffic Signal Condition,Lane Control Signal,41
Traffic Signal Condition,Lane Station,14
Traffic Signal Condition,Marine Fixture,2
Traffic Signal Condition,Marine Flasher,10
Traffic Signal Condition,Marine Globe,2
Traffic Signal Condition,Marine Lamp,1
Traffic Signal Condition,Mast Arm,1359
Traffic Signal Condition,Messenger,14
Traffic Signal Condition,Mssg Sign Multi Lamp,5
Traffic Signal Condition,On Messenger,1529
Traffic Signal Condition,On Structure,118
Traffic Signal Condition,Ped Flasher,2650
Traffic Signal Condition,Ped Lamp,3652
Traffic Signal Condition,Ped Lens,338
Traffic Signal Condition,Ped Multiple Lamps,6015
Traffic Signal Condition,Ped Visor,44
Traffic Signal Condition,Pedestrian Sign,10
Traffic Signal Condition,Pedestrian Signal,29262
Traffic Signal Condition,Post,8606
Traffic Signal Condition,Push Button,668
Traffic Signal Condition,RTMS,2
Traffic Signal Condition,Red Lt Camera Feed,2
Traffic Signal Condition,Reflector/Louvre,77
Traffic Signal Condition,Sidewalk Pull Box Co,96
Traffic Signal Condition,Sign,23
Traffic Signal Condition,Speed Board Sign,258
Traffic Signal Condition,Stop Temporary,21
Traffic Signal Condition,Street Light Feed,3253
Traffic Signal Condition,Supervisory,1
Traffic Signal Condition,Support Bracket,3096
Traffic Signal Condition,Sway Bar,339
Traffic Signal Condition,Telco Connection Blk,63
Traffic Signal Condition,Temporary,2105
Traffic Signal Condition,Tie Rods,11
Traffic Signal Condition,Time Switch,57
Traffic Signal Condition,Traffic Camera,19
Traffic Signal Condition,Transducer-Loop,52
Traffic Signal Condition,Turn Signal,69
Traffic Signal Condition,Underground,2125
Traffic Signal Condition,Veh Sgnl Mult Lamps,4422
Traffic Signal Condition,Veh Signal Head,16557
Traffic Signal Condition,Veh Signal Lamp,12705
Traffic Signal Condition,Veh Signal Lens,154
Traffic Signal Condition,Veh Signal Sec Door,677
Traffic Signal Condition,Veh Signal Visor,4387
Traffic Signal Condition,Vehicle Signal,4163
Traffic Signal Condition,Ver Message Sign,55
Traffic Signal Condition,Warning Buzzer,53
Traffic Signal Condition,Warning Signal,499
Traffic Signal Condition,Warning Signal Lamp,396
Traffic Signal Condition,Weather Head,176
Traffic Signal Condition,Wireless,9
Traffic Signal Condition,Wireless Antenna,13
Traffic/Illegal Parking,Blocked Crosswalk,557
Traffic/Illegal Parking,Blocked Hydrant,2056
Traffic/Illegal Parking,Blocked Sidewalk,1871
Traffic/Illegal Parking,Commercial Overnight Parking,2338
Traffic/Illegal Parking,Congestion/Gridlock,947
Traffic/Illegal Parking,Detached Trailer,77
Traffic/Illegal Parking,Double Parked Blocking Traffic,1124
Traffic/Illegal Parking,Double Parked Blocking Vehicle,1338
Traffic/Illegal Parking,Drag Racing,62
Traffic/Illegal Parking,Overnight Commercial Storage,436
Traffic/Illegal Parking,Posted Parking Sign Violation,2890
Traffic/Illegal Parking,Truck Route Violation,154
Traffic/Illegal Parking,Unauthorized Bus Layover,197
Tunnel Condition,"Dirt, Debris, Litter Complaint",40
Tunnel Condition,Fallen Debris from Tunnel,24
Tunnel Condition,Graffiti - Tunnel,2
Tunnel Condition,Pothole - Tunnel,22
Tunnel Condition,Rough Pavement,9
UNSANITARY CONDITION,GARBAGE/RECYCLING STORAGE,53674
UNSANITARY CONDITION,MOLD,103154
UNSANITARY CONDITION,PESTS,166024
UNSANITARY CONDITION,SEWAGE,8544
Unleashed Dog,Unleashed Dog in Public,6421
Unlicensed Dog,License Violation,1
Unsanitary Animal Facility,Animal Odor,374
Unsanitary Animal Facility,Animal Waste,331
Unsanitary Animal Pvt Property,Animal Odor,4130
Unsanitary Animal Pvt Property,Animal Waste,5660
Unsanitary Animal Pvt Property,Cat,2543
Unsanitary Animal Pvt Property,Dog,5454
Unsanitary Animal Pvt Property,Other Animal,986
Unsanitary Pigeon Condition,Pigeon Odor,420
Unsanitary Pigeon Condition,Pigeon Waste,4838
Unspecified,Unspecified,1
VACANT APARTMENT,ABANDONED APARTMENT UNIT,8
Vacant Lot,8 Request to Clean Vacant Lot,17777
Vending,In Prohibited Area,18252
Vending,Unlicensed,15511
Violation of Park Rules,BBQ Outside Authorized Area,2624
Violation of Park Rules,Biking/Rollerblading off Path,572
Violation of Park Rules,Obstructing Public Use,5494
Violation of Park Rules,Removing Flowers/Plants,95
Violation of Park Rules,Smoking,1699
Violation of Park Rules,Unauthorized Climbing,81
Violation of Park Rules,Unauthorized Film Shoot,63
Violation of Park Rules,Unauthorized Posting of Signs,185
Violation of Park Rules,Unlicensed Vendors,2970
Violation of Park Rules,Unsafe Use of Playground,1197
Violation of Park Rules,Use of Newly Seeded Lawn,68
WATER LEAK,DAMP SPOT,18366
WATER LEAK,HEAVY FLOW,67746
WATER LEAK,SLOW LEAK,56628
Water Conservation,Illegal Use Of A Hydrant (CIN),6053
Water Conservation,Illegal Use Of Hose - Other (CCO),247
Water Conservation,Illegal Use Of Hose - Private Residence  (CCR),277
Water Conservation,"Other Water Waste Problem, (Use Comments) (CZZ)",321
Water Conservation,Rooftank Leak Or Overflow (CKO),407
Water Conservation,"Swimming Pool, Illegal Filling - Private Residence (CER)",3
Water Conservation,"Wasting Faucets,Sinks,Flushometer,Urinal,Etc. - Other (CWO)",631
Water Conservation,"Wasting Faucets,Sinks,Flushometer,Urinal,Etc. - Private Residence (CWR)",1785
Water Conservation,Water Meter Broken/Leaking - Other (CMO),4899
Water Conservation,Water Meter Broken/Leaking - Private Residence (CMR),17852
Water Conservation,Water Meter Stolen/Missing - Other (CLO),129
Water Conservation,Water Meter Stolen/Missing - Private Residence (CLR),573
Water Maintenance,Defective Hydrant,2
Water Maintenance,Hydrant Defect,20
Water Maintenance,Hydrant Running Full,1
Water Maintenance,Leaking Hydrant,1
Water Maintenance,Other Water Problem,2
Water Maintenance,Running Hydrant,1
Water Quality,BWSO Referral To Water Quality (For DEP Internal Use Only),1
Water Quality,"Clear Water With Organisms (Insects, Worms) (QE2)",91
Water Quality,Clear Water With Other Particles (Use Comments) (QEZ),1114
Water Quality,Cloudy Or Milky Water (QB1),1550
Water Quality,"Cloudy Or Milky, Other (Use Comments) (QBZ)",629
Water Quality,Defective Water Sampling Station (QSS),186
Water Quality,"No Sampling Required, Requested Information (QG2)",728
Water Quality,"Oil, Grease In Water (QD1)",263
Water Quality,Other Water Problem (Use Comments) (QZZ),309
Water Quality,Taste/Odor - Musty/Stale,1
Water Quality,"Taste/Odor, Bitter/Metallic (QA3)",831
Water Quality,"Taste/Odor, Chemical (QA2)",1010
Water Quality,"Taste/Odor, Chlorine (QA1)",841
Water Quality,"Taste/Odor, Musty/Stale (QA4)",734
Water Quality,"Taste/Odor, Sewer (QA5)",762
Water Quality,unknown odor/taste in drinking water (QA6),934
Water System,Defective Street Cut (WZZ1),3534
Water System,Dirty Water (WE),66160
Water System,Excessive Water In Basement (WEFB),10687
Water System,Fire Hydrant Emergency (FHE),46015
Water System,High Water Pressure (WHP),440
Water System,Hyd Valve Box Cover Missing (WV2),658
Water System,Hydrant Defective (WC2),26383
Water System,Hydrant Knocked Over/Missing (WC),12648
Water System,Hydrant Leaking (WC1),37998
Water System,Hydrant Locking Device Request (Use Comments) (WC5),6805
Water System,Hydrant Running (WC3),68379
Water System,Hydrant Running Full (WA4),77790
Water System,LOW WATER PRESSURE - WLWP,5847
Water System,Leak (Use Comments) (WA2),105659
Water System,NO WATER (WNW),3
Water System,NO WATER - WNW,14623
Water System,No Water (WNW),3839
Water System,No Water/Low Pressure (WA5),17381
Water System,Open Excavation (WZZ2),7
Water System,Other Water Problem (Use Comments) (WZZ),12734
Water System,Plate Missing/Moved-Exposing Hole (WF4),116
Water System,Plate Noisy/Sunken/Raised (WF5),32
Water System,Possible Water Main Break (Use Comments) (WA1),17755
Water System,Remove Hydrant Locking Device (WC6),353
Water System,Request To Open A Hydrant (WC4),664
Water System,Service line termination *FOR DEP INTERNAL USE ONLY* (WSLT),1
Water System,installation of hydrant side post (WHFP),144
Window Guard,Inside Apartment,2216
Window Guard,Public Area,44
Window Guard,Tenant Refusal,413
X-Ray Machine/Equipment,Equipment Malfunction,16
X-Ray Machine/Equipment,Exposure Unnecessary,18
X-Ray Machine/Equipment,Exposure from Nearby Facility,18
X-Ray Machine/Equipment,Facility Unregistered,20
X-Ray Machine/Equipment,Overexposure During Treatment,10
X-Ray Machine/Equipment,Technician Unlicensed,13
